{
  "name": "Fortaleza de la Montaña",
  "icon": "mythic_charms:fragile_charm_of_mountains_strength",
  "category": "mythic_charms:charms_category",
  "advancement": "mythic_charms:book/charms/mountains_strength",
  "sortnum": 1,
  "pages": [
    {
      "type": "patchouli:text",
      "text": " La descripción que hay detrás del pergamino dice:$(br2) El portador es inmune al knockback, pero recibe un cuarto adicional del daño."
    },
    {
      "type": "mythic_charms:resonance_infusing",
      "result": "mythic_charms:fragile_charm_of_mountains_strength",
      "ingredient1": "mythic_charms:fragile_charm_base",
      "ingredient2": "mythic_charms:sound_carving_pattern_mountains_strength",
      "ingredient3": "minecraft:glistering_melon_slice",
      "ingredient4": "minecraft:nautilus_shell",
      "ingredient5": "minecraft:quartz"
    }
  ]
}