{
  "name": "Guardián Nocturno",
  "icon": "mythic_charms:fragile_charm_of_nights_guardian",
  "category": "mythic_charms:charms_category",
  "advancement": "mythic_charms:book/charms/nights_guardian",
  "sortnum": 1,
  "pages": [
    {
      "type": "patchouli:text",
      "text": " La descripción que hay detrás del pergamino dice:$(br2) Los phantoms no aparecerán por el usuario, incluso si hay fantasmas cerca, ignorarán al usuario."
    },
    {
      "type": "mythic_charms:resonance_infusing",
      "result": "mythic_charms:fragile_charm_of_nights_guardian",
      "ingredient1": "mythic_charms:fragile_charm_base",
      "ingredient2": "mythic_charms:sound_carving_pattern_nights_guardian",
      "ingredient3": "minecraft:phantom_membrane",
      "ingredient4": "minecraft:prismarine_crystals",
      "ingredient5": "minecraft:nautilus_shell"
    }
  ]
}