{
  "name": "Furia Guerrera",
  "icon": "mythic_charms:fragile_charm_of_battle_fury",
  "category": "mythic_charms:charms_category",
  "advancement": "mythic_charms:book/charms/battle_fury",
  "sortnum": 1,
  "pages": [
    {
      "type": "patchouli:text",
      "text": " La descripción que hay detrás del pergamino dice:$(br2) Cuanto menor sea la salud del portador, mayor será el daño de ataque. Con un máximo de tres veces más con la salud mínima."
    },
    {
      "type": "mythic_charms:resonance_infusing",
      "result": "mythic_charms:fragile_charm_of_battle_fury",
      "ingredient1": "mythic_charms:fragile_charm_base",
      "ingredient2": "mythic_charms:sound_carving_pattern_battle_fury",
      "ingredient3": "minecraft:ghast_tear",
      "ingredient4": "minecraft:magma_cream",
      "ingredient5": "minecraft:prismarine_shard"
    }
  ]
}