{
  "name": "Acuerdo de Trueque",
  "icon": "mythic_charms:fragile_charm_of_barters_pact",
  "category": "mythic_charms:charms_category",
  "advancement": "mythic_charms:book/charms/barters_pact",
  "sortnum": 1,
  "pages": [
    {
      "type": "patchouli:text",
      "text": " La descripción que hay detrás del pergamino dice:$(br2) Cuanto menor sea la salud del portador, mayor será el daño de ataque. Con un máximo de tres veces más con la salud mínima."
    },
    {
      "type": "mythic_charms:resonance_infusing",
      "result": "mythic_charms:fragile_charm_of_barters_pact",
      "ingredient1": "mythic_charms:fragile_charm_base",
      "ingredient2": "mythic_charms:sound_carving_pattern_barters_pact",
      "ingredient3": "minecraft:popped_chorus_fruit",
      "ingredient4": "minecraft:glistering_melon_slice",
      "ingredient5": "minecraft:raw_gold"
    }
  ]
}