{
  "name": "Mirada de Calma",
  "icon": "mythic_charms:fragile_charm_of_gaze_serenity",
  "category": "mythic_charms:charms_category",
  "advancement": "mythic_charms:book/charms/gaze_serenity",
  "sortnum": 1,
  "pages": [
    {
      "type": "patchouli:text",
      "text": " La descripción que hay detrás del pergamino dice:$(br2) El usuario puede mirar a los ojos de un Enderman sin ninguna consecuencia."
    },
    {
      "type": "mythic_charms:resonance_infusing",
      "result": "mythic_charms:fragile_charm_of_gaze_serenity",
      "ingredient1": "mythic_charms:fragile_charm_base",
      "ingredient2": "mythic_charms:sound_carving_pattern_gaze_serenity",
      "ingredient3": "minecraft:popped_chorus_fruit",
      "ingredient4": "minecraft:fermented_spider_eye",
      "ingredient5": "minecraft:glistering_melon_slice"
    }
  ]
}