{
  "name": "Pluma Ligera",
  "icon": "mythic_charms:fragile_charm_of_feathered_grace",
  "category": "mythic_charms:charms_category",
  "advancement": "mythic_charms:book/charms/feathered_grace",
  "sortnum": 1,
  "pages": [
    {
      "type": "patchouli:text",
      "text": " La descripción que hay detrás del pergamino dice:$(br2) Mientras no esté agachado, el usuario obtiene un efecto de caída lenta después de una caída de medio segundo y se elimina después de dos."
    },
    {
      "type": "mythic_charms:resonance_infusing",
      "result": "mythic_charms:fragile_charm_of_feathered_grace",
      "ingredient1": "mythic_charms:fragile_charm_base",
      "ingredient2": "mythic_charms:sound_carving_pattern_feathered_grace",
      "ingredient3": "minecraft:feather",
      "ingredient4": "minecraft:phantom_membrane",
      "ingredient5": "minecraft:rabbit_hide"
    }
  ]
}