{
  "name": "Ascensión Eminente",
  "icon": "mythic_charms:fragile_charm_of_high_bounds",
  "category": "mythic_charms:charms_category",
  "advancement": "mythic_charms:book/charms/high_bounds",
  "sortnum": 1,
  "pages": [
    {
      "type": "patchouli:text",
      "text": " La descripción que hay detrás del pergamino dice:$(br2) La altura de salto del portador aumenta a 2 bloques, así como la distancia de caída segura. Sin embargo, saltar aumenta el cansancio."
    },
    {
      "type": "mythic_charms:resonance_infusing",
      "result": "mythic_charms:fragile_charm_of_high_bounds",
      "ingredient1": "mythic_charms:fragile_charm_base",
      "ingredient2": "mythic_charms:sound_carving_pattern_high_bounds",
      "ingredient3": "minecraft:rabbit_foot",
      "ingredient4": "minecraft:slime_ball",
      "ingredient5": "minecraft:sugar"
    }
  ]
}