{
  "name": "Libertad Sumergida",
  "icon": "mythic_charms:fragile_charm_of_drowned_freedom",
  "category": "mythic_charms:charms_category",
  "advancement": "mythic_charms:book/charms/drowned_freedom",
  "sortnum": 1,
  "pages": [
    {
      "type": "patchouli:text",
      "text": " La descripción que hay detrás del pergamino dice:$(br2) El usuario puede moverse bajo el agua como si estuviera en la superficie, pero correr provoca un cansancio adicional."
    },
    {
      "type": "mythic_charms:resonance_infusing",
      "result": "mythic_charms:fragile_charm_of_drowned_freedom",
      "ingredient1": "mythic_charms:fragile_charm_base",
      "ingredient2": "mythic_charms:sound_carving_pattern_drowned_freedom",
      "ingredient3": "minecraft:clay_ball",
      "ingredient4": "minecraft:dried_kelp",
      "ingredient5": "minecraft:prismarine_crystals"
    }
  ]
}