{
  "name": "Senda del Escalador",
  "icon": "mythic_charms:fragile_charm_of_climbers_path",
  "category": "mythic_charms:charms_category",
  "advancement": "mythic_charms:book/charms/climbers_path",
  "sortnum": 1,
  "pages": [
    {
      "type": "patchouli:text",
      "text": " La descripción que hay detrás del pergamino dice:$(br2) La altura del paso del usuario aumenta un bloque. Es decir, el usuario puede caminar sobre un bloque como si fuera una escalera. Sin embargo, correr aumenta el cansancio."
    },
    {
      "type": "mythic_charms:resonance_infusing",
      "result": "mythic_charms:fragile_charm_of_climbers_path",
      "ingredient1": "mythic_charms:fragile_charm_base",
      "ingredient2": "mythic_charms:sound_carving_pattern_climbers_path",
      "ingredient3": "minecraft:glow_ink_sac",
      "ingredient4": "minecraft:rabbit_foot",
      "ingredient5": "minecraft:slime_ball"
    }
  ]
}