{
  "name": "Danza de Flechas",
  "icon": "mythic_charms:fragile_charm_of_arrow_dance",
  "category": "mythic_charms:charms_category",
  "advancement": "mythic_charms:book/charms/arrow_dance",
  "sortnum": 1,
  "pages": [
    {
      "type": "patchouli:text",
      "text": " La descripción que hay detrás del pergamino dice:$(br2) Mientras se está agachado, el portador evita cualquier proyectil, pero recibe un cuarto de daño adicional."
    },
    {
      "type": "mythic_charms:resonance_infusing",
      "result": "mythic_charms:fragile_charm_of_arrow_dance",
      "ingredient1": "mythic_charms:fragile_charm_base",
      "ingredient2": "mythic_charms:sound_carving_pattern_arrow_dance",
      "ingredient3": "minecraft:honey_bottle",
      "ingredient4": "minecraft:magma_cream",
      "ingredient5": "minecraft:rabbit_hide"
    }
  ]
}