{
  "name": "Susurros Encantados",
  "icon": "mythic_charms:fragile_charm_of_enchanted_whispers",
  "category": "mythic_charms:charms_category",
  "advancement": "mythic_charms:book/charms/enchanted_whispers",
  "sortnum": 1,
  "pages": [
    {
      "type": "patchouli:text",
      "text": " La descripción que hay detrás del pergamino dice:$(br2) El usuario puede ver un encantamiento adicional que se aplicará a un objeto en una tabla de encantamientos."
    },
    {
      "type": "mythic_charms:resonance_infusing",
      "result": "mythic_charms:fragile_charm_of_enchanted_whispers",
      "ingredient1": "mythic_charms:fragile_charm_base",
      "ingredient2": "mythic_charms:sound_carving_pattern_enchanted_whispers",
      "ingredient3": "minecraft:blaze_powder",
      "ingredient4": "minecraft:lapis_lazuli",
      "ingredient5": "minecraft:glow_berries"
    }
  ]
}