{
  "name": "Abrazo A. y Furia G.",
  "icon": "mythic_charms:textures/blazing_embrace_and_battle_fury.png",
  "category": "mythic_charms:combinations_category",
  "advancement": "mythic_charms:book/combinations/blazing_embrace_and_battle_fury",
  "sortnum": 1,
  "pages": [
    {
      "type": "patchouli:text",
      "text": " Al combinar $(l:mythic_charms:charms/charm_of_blazing_embrace_entry)Abrazo Ardiente$() y $(l:mythic_charms:charms/charm_of_battle_fury_entry)Furia Guerrera$(), el tiempo del efecto de resistencia al fuego aumenta a medida que disminuye la salud del usuario, hasta x2 con medio corazón."
    }
  ]
}