{
  "name": "Bendición B. y Pluma L.",
  "icon": "mythic_charms:textures/botanic_blessing_and_feathered_grace.png",
  "category": "mythic_charms:combinations_category",
  "advancement": "mythic_charms:book/combinations/botanic_blessing_and_feathered_grace",
  "sortnum": 1,
  "pages": [
    {
      "type": "patchouli:text",
      "text": " Al combinar $(l:mythic_charms:charms/charm_of_botanic_blessing_entry)Bendición Botánica$() y $(l:mythic_charms:charms/charm_of_feathered_grace_entry)Pluma Ligera$(), saltar sobre tierras de cultivo no las pisoteará."
    }
  ]
}