{
  "name": "Pacto T. y Abrazo A.",
  "icon": "mythic_charms:textures/earths_order_and_blazing_embrace.png",
  "category": "mythic_charms:combinations_category",
  "advancement": "mythic_charms:book/combinations/earths_order_and_blazing_embrace",
  "sortnum": 1,
  "pages": [
    {
      "type": "patchouli:text",
      "text": " Al combinar $(l:mythic_charms:charms/charm_of_earths_order_entry)Pacto de Tierra$() y $(l:mythic_charms:charms/charm_of_blazing_embrace_entry)Abrazo Ardiente$(), romper bloques sin una herramienta hace que caiga el resultado de la fundición si dicho bloque tiene."
    }
  ]
}