{
  "name": "Pacto T. y Furia G.",
  "icon": "mythic_charms:textures/earths_order_and_battle_fury.png",
  "category": "mythic_charms:combinations_category",
  "advancement": "mythic_charms:book/combinations/earths_order_and_battle_fury",
  "sortnum": 1,
  "pages": [
    {
      "type": "patchouli:text",
      "text": " Al combinar $(l:mythic_charms:charms/charm_of_earths_order_entry)Pacto de Tierra$() y $(l:mythic_charms:charms/charm_of_battle_fury_entry)Furia Guerrera$(), la velocidad para romper bloques sin una herramienta aumenta a medida que disminuye la salud del usuario, hasta x3 de velocidad con medio corazón."
    }
  ]
}