{
  "name": "Pacto T. y Corriente L.",
  "icon": "mythic_charms:textures/earths_order_and_weightless_flow.png",
  "category": "mythic_charms:combinations_category",
  "advancement": "mythic_charms:book/combinations/earths_order_and_weightless_flow",
  "sortnum": 1,
  "pages": [
    {
      "type": "patchouli:text",
      "text": " Al combinar $(l:mythic_charms:charms/charm_of_earths_order_entry)Pacto de Tierra$() y $(l:mythic_charms:charms/charm_of_weightless_flow_entry)Corriente Ligera$(), la velocidad de romper bloques sin herramienta en el aire es la misma que en la superficie."
    }
  ]
}