{
  "name": "Pasos F. y Furia G.",
  "icon": "mythic_charms:textures/fleeting_strides_and_battle_fury.png",
  "category": "mythic_charms:combinations_category",
  "advancement": "mythic_charms:book/combinations/fleeting_strides_and_battle_fury",
  "sortnum": 1,
  "pages": [
    {
      "type": "patchouli:text",
      "text": " Al combinar $(l:mythic_charms:charms/charm_of_fleeting_strides_entry)Pasos Fugaces$() y $(l:mythic_charms:charms/charm_of_battle_fury_entry)Furia Guerrera$(), cuanto menor sea la salud del usuario, mayor será la velocidad de salto al correr y mayor el agotamiento."
    }
  ]
}